ID,date,level,finalScore,alpha_win,alpha_pun,beta,lambda,log_likelihood,run_counter,run_counter_day,days_from_start
100,30-Sep-2026 11:47:28,1,1407,0.419646698158321,0.518175468780672,2.35536860805892,0.962997097288524,74.9623576217131,1,1,0
101,30-Sep-2026 11:52:52,1,216,1,0,1.1604651910095,0.871475585597562,86.4439634245142,1,1,0
103,30-Sep-2026 11:42:19,1,1103,0.428209533582185,0.0415640804001254,2.40255696650729,0.725805659007519,79.4781444897464,1,1,0
104,30-Sep-2026 11:55:28,1,1015,0.764038462721327,0.674541439305983,3.02400151337886,1,49.7974098336314,1,1,0
104,30-Sep-2026 12:01:04,2,2552,1,0.572483162449465,2.55514902519272,0.977249436474041,58.0640847191727,2,2,0.00388950231481481
108,30-Sep-2026 11:42:19,1,1638,1,0.561990197619799,4.3897939981291,0.95307955159547,35.9045413604285,1,1,0
108,30-Sep-2026 11:51:58,2,2853,1,0.369519223281676,3.49593247302526,1,46.6544176370419,2,2,0.00669145833333333
132,30-Sep-2026 11:52:54,1,409,1,0.559297240903821,1.32641096469101,0.953323704692633,85.0200695896409,1,1,0
133,30-Sep-2026 11:42:24,1,1465,0.401652240844346,1,2.04077561999391,0.731218161861306,74.421746384475,1,1,0
134,30-Sep-2026 11:57:16,1,2001,0.690374663653853,0.29066671948231,3.31150549103941,1,49.2416032799259,1,1,0
134,30-Sep-2026 12:02:48,2,3416,0.532584186743479,0.204119182044916,2.37490145282298,1,69.0948654554228,2,2,0.00385072916666667
135,30-Sep-2026 11:42:27,1,-1950,0.361992754575982,1,2.04686635912878,0.62663752836879,79.4427952671077,1,1,0
137,30-Sep-2026 11:59:10,1,2045,0.448518118518992,0.588752202730406,2.14956899444877,1,68.537090899638,1,1,0
159,30-Sep-2026 11:42:32,1,1188,0.714534484955335,0.467115711783558,2.03319414192334,1,71.2120991443772,1,1,0
231321,30-Sep-2026 12:04:37,1,511,0,0,0,1,103.278929903432,1,1,0
25,30-Sep-2026 11:54:49,1,-420,1,0.631760654308772,1.21152690666952,0.906198188573775,89.781891669085,1,1,0
27,30-Sep-2026 11:47:31,1,1015,0.545204966601768,0.155691008690692,4.38135070298642,0.996816552633964,40.5986132651123,1,1,0
27,30-Sep-2026 11:50:03,2,4238,0.371580175819689,0.28848633951533,5.62357614430748,0.985853764337698,32.4116219601363,2,2,0.00176002314814815
30,30-Sep-2026 11:49:56,1,3433,0.187340325750961,0.201435769420039,11.0366508537076,0.978172144603914,21.2436161407012,1,1,0
324,30-Sep-2026 12:00:28,1,3309,0.991216900942031,0.746166459572255,3.91164755033357,1,25.1701685162858,1,1,0
39,30-Sep-2026 11:46:23,1,-1332,0.478225208575417,0,1.22314679838748,0.914970291918176,93.6383354626074,1,1,0
401,30-Sep-2026 09:53:22,1,208,0.363743370824626,0.185708302692886,1.81175830749283,0.76388620178351,91.6462400204978,1,1,0
45,30-Sep-2026 11:41:11,1,1897,0.651048160321147,0.182900182020511,5.0860892762058,0.910885686367002,33.1340090942281,1,1,0
45,30-Sep-2026 11:58:11,2,4946,1,0.225199591532165,5.65217983928508,0.967754646086597,23.1759607949262,2,2,0.0118038888888889
49,30-Sep-2026 11:42:56,1,1515,0.347430703982042,0.723115096528894,2.30912957263455,0.834272253657861,72.2981830454449,1,1,0
5,30-Sep-2026 11:41:32,1,4020,0.131778280581028,0.11704067330676,10.4565937144751,0.962705904577655,13.2867763288266,1,1,0
50,30-Sep-2026 11:45:00,1,1115,1,0.467198755292712,2.39665564001404,1,62.8484753061371,1,1,0
51,30-Sep-2026 11:42:10,1,1680,0.00319134776870958,0.0122393173037316,15,1,83.7340382824253,1,1,0
51,30-Sep-2026 11:57:45,2,2151,0.690989426829077,0.332834271960471,1.33476001732478,0.980015573290822,90.2823205337977,2,2,0.0108291782407407
99,30-Sep-2026 11:46:20,1,1258,0.809596094843164,0.411100876399734,1.81533160234,1,78.177446550883,1,1,0
99,30-Sep-2026 11:55:25,2,3893,1,0.625516977600852,3.9002170452441,1,34.9666466537922,2,2,0.00631041666666667
99,30-Sep-2026 11:58:56,3,4387,0.628013865804745,0.388091867880685,3.40649318922758,1,58.1215453705543,3,3,0.00875174768518519
Alkan,30-Sep-2026 11:43:09,1,1018,0.715093537307319,0.534692451931321,2.50196826739567,0.976443439880591,62.240811140229,1,1,0
Alkan,30-Sep-2026 12:02:29,2,1988,0.566418403463369,0.559983959264479,2.39229506612062,1,64.9726407221646,2,2,0.0134281712962963
Alkan,30-Sep-2026 12:04:51,3,3418,0.276782120595869,0.473452710790187,3.04441559012012,0.958431479488014,67.0728828693595,3,3,0.0150677430555556
JG,30-Sep-2026 05:40:45,1,-1756,0.0608038267267174,0,6.39424126820238,0.812795399882764,67.4860610551873,1,1,0
simon_test,28-Sep-2026 15:17:21,1,1201,0.664516821407687,0.279514511877359,4.58712652790408,0.947343838815686,41.6750357868191,1,1,0
simon_test,28-Sep-2026 15:19:42,2,4070,1,0.176587303002304,5.28243509832231,1,18.0955563109016,2,2,0.00163311342592593
simon_test,28-Sep-2026 15:22:46,3,6929,1,0.224247833663898,6.70963828670495,1,17.1515996094345,3,3,0.0037575462962963
