Browser: ,participant,date,expName,psychopyVersion,OS,frameRate,initializing.started,initializing.stopped,chooseLanguage.started,chooseLanguage.stopped,languageClickedButton.started,languageClickedButton.stopped,chooseTheLanguage.thisRepN,chooseTheLanguage.thisTrialN,chooseTheLanguage.thisN,chooseTheLanguage.thisIndex,chooseTheLanguage.ran,textAssignment.started,textAssignment.stopped,global_vars.started,global_vars.stopped,device,mobileLandscape.started,mobileLandscape.stopped,mouse_landscape.x,mouse_landscape.y,mouse_landscape.leftButton,mouse_landscape.midButton,mouse_landscape.rightButton,mouse_landscape.time,mouse_landscape.clicked_name,load_instructions.started,load_instructions.stopped,instructionReadLoop.thisRepN,instructionReadLoop.thisTrialN,instructionReadLoop.thisN,instructionReadLoop.thisIndex,instructionReadLoop.ran,emaInstr_ger,emaInstr_eng,choiceInstr1_ger,choiceInstr1b_ger,choiceInstr1_eng,choiceInstr1b_eng,choiceInstr2_ger,choiceInstr2_eng,generalLoaderLoop.started,generalLoaderLoop.stopped,generalLoader.started,generalLoader.stopped,syringeLoaderLoop.started,syringeLoaderLoop.stopped,syringeLoader.started,syringeLoader.stopped,beginningScreen.started,beginningScreen.stopped,SetupTheScene.started,SetupTheScene.stopped,trialSetup.started,trialSetup.stopped,syringeChoice.x,syringeChoice.y,syringeChoice.leftButton,syringeChoice.midButton,syringeChoice.rightButton,syringeChoice.time,syringeChoice.clicked_name,keyChoice.keys,keyChoice.rt,keyChoice.duration,trialFeedback.started,trialFeedback.stopped,trialOutput.started,trialOutput.stopped,LeftProbability,RightProbability,LeftCured,RightCured,Level,Round,Score,correct Choice,correctly done,Left Color,Right Color,LabTrials.thisRepN,LabTrials.thisTrialN,LabTrials.thisN,LabTrials.thisIndex,LabTrials.ran,nTrials,endingScreen.started,endingScreen.stopped,deleteTheScene.started,deleteTheScene.stopped,savingData.started,savingData.stopped
Firefox,,2026-09-30_12h21.44.675,Influenca_demo,2025.2.4,Win32,60.0240096,,,,,,,,,,,,,,,,,,,,,,,,,,,,,,,,,,,,,,,,,,,,,,,,,,,,,,,,,,,,,,,,,,,,,,,,,,,,,,,,,,,,,,,,,,,
,,2026-09-30_12h21.44.675,Influenca_demo,2025.2.4,Win32,60.0240096,0.001,0.001,,,,,,,,,,,,,,,,,,,,,,,,,,,,,,,,,,,,,,,,,,,,,,,,,,,,,,,,,,,,,,,,,,,,,,,,,,,,,,,,,,,,,,,,,
,,2026-09-30_12h21.44.675,Influenca_demo,2025.2.4,Win32,60.0240096,,,0.002,0.91,0.911,1.027,0,0,0,0,1,,,,,,,,,,,,,,,,,,,,,,,,,,,,,,,,,,,,,,,,,,,,,,,,,,,,,,,,,,,,,,,,,,,,,,,,,,,,,,,,
,,2026-09-30_12h21.44.675,Influenca_demo,2025.2.4,Win32,60.0240096,,,,,,,,,,,,1.028,1.028,,,,,,,,,,,,,,,,,,,,,,,,,,,,,,,,,,,,,,,,,,,,,,,,,,,,,,,,,,,,,,,,,,,,,,,,,,,,,,
,,2026-09-30_12h21.44.675,Influenca_demo,2025.2.4,Win32,60.0240096,,,,,,,,,,,,,,1.029,1.029,,,,,,,,,,,,,,,,,,,,,,,,,,,,,,,,,,,,,,,,,,,,,,,,,,,,,,,,,,,,,,,,,,,,,,,,,,,,
,,2026-09-30_12h21.44.675,Influenca_demo,2025.2.4,Win32,60.0240096,,,,,,,,,,,,,,,,PC/Laptop,,,,,,,,,,,,,,,,,,,,,,,,,,,,,,,,,,,,,,,,,,,,,,,,,,,,,,,,,,,,,,,,,,,,,,,,,,,
,,2026-09-30_12h21.44.675,Influenca_demo,2025.2.4,Win32,60.0240096,,,,,,,,,,,,,,,,PC/Laptop,2.027,2.035,[],[],[],[],[],[],[],,,,,,,,,,,,,,,,,,,,,,,,,,,,,,,,,,,,,,,,,,,,,,,,,,,,,,,,,,,,,,,,,,
,,2026-09-30_12h21.44.675,Influenca_demo,2025.2.4,Win32,60.0240096,,,,,,,,,,,,,,,,PC/Laptop,,,,,,,,,,2.051,2.051,0,0,0,0,1,Im Folgenden werden Ihnen Fragen zu Ihrem aktuellen Befinden gestellt. Bitte beantworten Sie diese Fragen gewissenhaft und ehrlich.,"In the following, you will be asked questions about your current condition. Please answer these questions conscientiously and honestly.","In der folgenden Aufgabe sollen Sie sich jeweils zwischen zwei Essensoptionen entscheiden. Dazu sehen Sie jeweils zwei Bilder mit unterschiedlichem Essen. Danach bitten wir Sie anzugeben, welches Essen Sie lieber erhalten möchten.\n Um das linke Essen zu wählen, klicken Sie auf das linke Bild. \n Um das rechte Essen zu wählen, klicken Sie auf das rechte Bild.","In der folgenden Aufgabe sollen Sie sich jeweils zwischen zwei Essensoptionen entscheiden. Dazu sehen Sie jeweils zwei Bilder mit unterschiedlichem Essen. Danach bitten wir Sie anzugeben, welches Essen Sie lieber erhalten möchten.\n Um das linke Essen zu wählen, drücken Sie die Taste 'x'. \n Um das rechte Essen zu wählen, drücken Sie die Taste 'm'.","In the following task, you have to decide between two food options. You will see two pictures with two different food options. Then we ask you to indicate which food you would prefer to receive.\n To choose the left-hand food, click on the left-hand picture. \n To choose the right-hand food, click on the image on the right.","In the following task, you have to decide between two food options. You will see two pictures with two different food options. Then we ask you to indicate which food you would prefer to receive.\n To choose the left-hand food, press the 'x' button. \n To choose the right-hand food, press the 'm' button.","Bitte entscheiden Sie spontan, welches Essen Sie lieber erhalten wollen, ohne lange nachzudenken.\n\n Sie haben ungefähr 4 Sekunden Zeit, um sich zu entscheiden. Eine Sekunde vor dem Ende der 4 Sekunden, sehen Sie ein rotes Ausrufezeichen, um Sie auf den baldigen Ablauf der Entscheidungszeit hinzuweisen.","Please decide spontaneously which food you would prefer to receive without thinking too long.\n\n You have about 4 seconds to decide. One second before the end of the 4 seconds, you will see a red exclamation mark to alert you that the decision time is about to expire.",,,,,,,,,,,,,,,,,,,,,,,,,,,,,,,,,,,,,,,,,,,,,,,,,,,
,,2026-09-30_12h21.44.675,Influenca_demo,2025.2.4,Win32,60.0240096,,,,,,,,,,,,,,,,PC/Laptop,,,,,,,,,,,,,,,,,,,,,,,,,2.067,2.067,2.067,2.067,2.073,2.073,2.073,2.073,2.075,3.076,3.076,3.077,3.085,4.76,[],[],[],[],[],[],[],right,1.609,,4.764,4.773,4.775,5.076,0.2,0.8,23,77,2,1,2046,left,0,gold,purple,0,0,0,0,1,1,,,,,,
,,2026-09-30_12h21.44.675,Influenca_demo,2025.2.4,Win32,60.0240096,,,,,,,,,,,,,,,,PC/Laptop,,,,,,,,,,,,,,,,,,,,,,,,,,,,,,,,,,,,,5.08,5.518,[],[],[],[],[],[],[],right,0.427,,5.521,5.529,5.53,5.826,0.25,0.75,31,69,2,2,2115,right,1,gold,purple,0,1,1,1,1,2,,,,,,
,,2026-09-30_12h21.44.675,Influenca_demo,2025.2.4,Win32,60.0240096,,,,,,,,,,,,,,,,PC/Laptop,,,,,,,,,,,,,,,,,,,,,,,,,,,,,,,,,,,,,5.828,6.267,[],[],[],[],[],[],[],right,0.432,,6.268,6.271,6.272,6.559,0.27,0.73,8,92,2,3,2207,right,1,gold,purple,0,2,2,2,1,3,,,,,,
,,2026-09-30_12h21.44.675,Influenca_demo,2025.2.4,Win32,60.0240096,,,,,,,,,,,,,,,,PC/Laptop,,,,,,,,,,,,,,,,,,,,,,,,,,,,,,,,,,,,,6.563,6.9,[],[],[],[],[],[],[],right,0.332,,6.901,6.905,6.906,7.209,0.21,0.79,91,9,2,4,2216,right,1,gold,purple,0,3,3,3,1,4,,,,,,
,,2026-09-30_12h21.44.675,Influenca_demo,2025.2.4,Win32,60.0240096,,,,,,,,,,,,,,,,PC/Laptop,,,,,,,,,,,,,,,,,,,,,,,,,,,,,,,,,,,,,7.213,7.953,[],[],[],[],[],[],[],right,0.73,,7.954,7.957,7.96,8.26,0.09,0.91,75,25,2,5,2241,right,1,gold,purple,0,4,4,4,1,5,,,,,,
,,2026-09-30_12h21.44.675,Influenca_demo,2025.2.4,Win32,60.0240096,,,,,,,,,,,,,,,,PC/Laptop,,,,,,,,,,,,,,,,,,,,,,,,,,,,,,,,,,,,,8.263,8.551,[],[],[],[],[],[],[],right,0.28,,8.552,8.557,8.56,8.859,0.02,0.98,13,87,2,6,2328,right,1,gold,purple,0,5,5,5,1,6,,,,,,
,,2026-09-30_12h21.44.675,Influenca_demo,2025.2.4,Win32,60.0240096,,,,,,,,,,,,,,,,PC/Laptop,,,,,,,,,,,,,,,,,,,,,,,,,,,,,,,,,,,,,8.865,9.17,[],[],[],[],[],[],[],right,0.297,,9.171,9.176,9.179,9.476,0.17,0.83,92,8,2,7,2336,right,1,gold,purple,0,6,6,6,1,7,,,,,,
,,2026-09-30_12h21.44.675,Influenca_demo,2025.2.4,Win32,60.0240096,,,,,,,,,,,,,,,,PC/Laptop,,,,,,,,,,,,,,,,,,,,,,,,,,,,,,,,,,,,,9.479,9.737,[],[],[],[],[],[],[],right,0.251,,9.737,9.742,9.746,10.043,0.35,0.65,63,37,2,8,2373,right,1,gold,purple,0,7,7,7,1,8,,,,,,
,,2026-09-30_12h21.44.675,Influenca_demo,2025.2.4,Win32,60.0240096,,,,,,,,,,,,,,,,PC/Laptop,,,,,,,,,,,,,,,,,,,,,,,,,,,,,,,,,,,,,10.047,10.243,[],[],[],[],[],[],[],right,0.186,,10.245,10.25,10.252,10.542,0.12,0.88,64,36,2,9,2409,right,1,gold,purple,0,8,8,8,1,9,,,,,,
,,2026-09-30_12h21.44.675,Influenca_demo,2025.2.4,Win32,60.0240096,,,,,,,,,,,,,,,,PC/Laptop,,,,,,,,,,,,,,,,,,,,,,,,,,,,,,,,,,,,,10.545,10.783,[],[],[],[],[],[],[],right,0.233,,10.784,10.787,10.789,11.076,0.23,0.77,23,77,2,10,2486,right,1,gold,purple,0,9,9,9,1,10,,,,,,
,,2026-09-30_12h21.44.675,Influenca_demo,2025.2.4,Win32,60.0240096,,,,,,,,,,,,,,,,PC/Laptop,,,,,,,,,,,,,,,,,,,,,,,,,,,,,,,,,,,,,11.08,11.284,[],[],[],[],[],[],[],right,0.195,,11.285,11.288,11.289,11.593,0.28,0.72,92,8,2,11,2494,right,1,gold,purple,0,10,10,10,1,11,,,,,,
,,2026-09-30_12h21.44.675,Influenca_demo,2025.2.4,Win32,60.0240096,,,,,,,,,,,,,,,,PC/Laptop,,,,,,,,,,,,,,,,,,,,,,,,,,,,,,,,,,,,,11.597,11.802,[],[],[],[],[],[],[],right,0.196,,11.803,11.807,11.809,12.109,0.37,0.63,20,80,2,12,2414,left,0,gold,purple,0,11,11,11,1,12,,,,,,
,,2026-09-30_12h21.44.675,Influenca_demo,2025.2.4,Win32,60.0240096,,,,,,,,,,,,,,,,PC/Laptop,,,,,,,,,,,,,,,,,,,,,,,,,,,,,,,,,,,,,12.113,12.376,[],[],[],[],[],[],[],left,0.244,,12.376,12.382,12.384,12.676,0.23,0.77,83,17,2,13,2497,left,1,gold,purple,0,12,12,12,1,13,,,,,,
,,2026-09-30_12h21.44.675,Influenca_demo,2025.2.4,Win32,60.0240096,,,,,,,,,,,,,,,,PC/Laptop,,,,,,,,,,,,,,,,,,,,,,,,,,,,,,,,,,,,,12.679,12.911,[],[],[],[],[],[],[],left,0.216,,12.913,12.917,12.919,13.209,0.39,0.61,37,63,2,14,2460,right,0,gold,purple,0,13,13,13,1,14,,,,,,
,,2026-09-30_12h21.44.675,Influenca_demo,2025.2.4,Win32,60.0240096,,,,,,,,,,,,,,,,PC/Laptop,,,,,,,,,,,,,,,,,,,,,,,,,,,,,,,,,,,,,13.213,13.46,[],[],[],[],[],[],[],left,0.227,,13.46,13.463,13.465,13.759,0.41,0.59,64,36,2,15,2396,right,0,gold,purple,0,14,14,14,1,15,,,,,,
,,2026-09-30_12h21.44.675,Influenca_demo,2025.2.4,Win32,60.0240096,,,,,,,,,,,,,,,,PC/Laptop,,,,,,,,,,,,,,,,,,,,,,,,,,,,,,,,,,,,,13.762,13.883,[],[],[],[],[],[],[],right,0.114,,13.884,13.889,13.891,14.192,0.32,0.68,23,77,2,16,2473,right,1,gold,purple,0,15,15,15,1,16,,,,,,
,,2026-09-30_12h21.44.675,Influenca_demo,2025.2.4,Win32,60.0240096,,,,,,,,,,,,,,,,PC/Laptop,,,,,,,,,,,,,,,,,,,,,,,,,,,,,,,,,,,,,14.195,14.377,[],[],[],[],[],[],[],right,0.173,,14.377,14.383,14.385,14.676,0.26,0.74,67,33,2,17,2506,right,1,gold,purple,0,16,16,16,1,17,,,,,,
,,2026-09-30_12h21.44.675,Influenca_demo,2025.2.4,Win32,60.0240096,,,,,,,,,,,,,,,,PC/Laptop,,,,,,,,,,,,,,,,,,,,,,,,,,,,,,,,,,,,,14.679,14.851,[],[],[],[],[],[],[],right,0.164,,14.852,14.856,14.857,15.159,0.26,0.74,28,72,2,18,2578,right,1,gold,purple,0,17,17,17,1,18,,,,,,
,,2026-09-30_12h21.44.675,Influenca_demo,2025.2.4,Win32,60.0240096,,,,,,,,,,,,,,,,PC/Laptop,,,,,,,,,,,,,,,,,,,,,,,,,,,,,,,,,,,,,15.164,15.309,[],[],[],[],[],[],[],right,0.137,,15.31,15.316,15.318,15.61,0.47,0.53,72,28,2,19,2550,left,0,gold,purple,0,18,18,18,1,19,,,,,,
,,2026-09-30_12h21.44.675,Influenca_demo,2025.2.4,Win32,60.0240096,,,,,,,,,,,,,,,,PC/Laptop,,,,,,,,,,,,,,,,,,,,,,,,,,,,,,,,,,,,,15.615,16.185,[],[],[],[],[],[],[],right,0.564,,16.185,16.189,16.191,16.494,0.54,0.46,1,99,2,20,2451,left,0,gold,purple,0,19,19,19,1,20,,,,,,
,,2026-09-30_12h21.44.675,Influenca_demo,2025.2.4,Win32,60.0240096,,,,,,,,,,,,,,,,PC/Laptop,,,,,,,,,,,,,,,,,,,,,,,,,,,,,,,,,,,,,16.496,16.96,[],[],[],[],[],[],[],right,0.457,,16.961,16.966,16.967,17.259,0.51,0.49,50,50,2,21,2401,left,0,gold,purple,0,20,20,20,1,21,,,,,,
,,2026-09-30_12h21.44.675,Influenca_demo,2025.2.4,Win32,60.0240096,,,,,,,,,,,,,,,,PC/Laptop,,,,,,,,,,,,,,,,,,,,,,,,,,,,,,,,,,,,,17.262,17.611,[],[],[],[],[],[],[],left,0.336,,17.613,17.618,17.62,17.91,0.58,0.42,10,90,2,22,2411,left,1,gold,purple,0,21,21,21,1,22,,,,,,
,,2026-09-30_12h21.44.675,Influenca_demo,2025.2.4,Win32,60.0240096,,,,,,,,,,,,,,,,PC/Laptop,,,,,,,,,,,,,,,,,,,,,,,,,,,,,,,,,,,,,17.911,18.042,[],[],[],[],[],[],[],left,0.117,,18.043,18.046,18.048,18.343,0.6,0.4,46,54,2,23,2457,left,1,gold,purple,0,22,22,22,1,23,,,,,,
,,2026-09-30_12h21.44.675,Influenca_demo,2025.2.4,Win32,60.0240096,,,,,,,,,,,,,,,,PC/Laptop,,,,,,,,,,,,,,,,,,,,,,,,,,,,,,,,,,,,,18.346,18.527,[],[],[],[],[],[],[],left,0.17,,18.528,18.534,18.535,18.826,0.76,0.24,14,86,2,24,2471,left,1,gold,purple,0,23,23,23,1,24,,,,,,
,,2026-09-30_12h21.44.675,Influenca_demo,2025.2.4,Win32,60.0240096,,,,,,,,,,,,,,,,PC/Laptop,,,,,,,,,,,,,,,,,,,,,,,,,,,,,,,,,,,,,18.827,18.926,[],[],[],[],[],[],[],left,0.086,,18.927,18.931,18.932,19.226,0.77,0.23,89,11,2,25,2382,right,0,gold,purple,0,24,24,24,1,25,,,,,,
,,2026-09-30_12h21.44.675,Influenca_demo,2025.2.4,Win32,60.0240096,,,,,,,,,,,,,,,,PC/Laptop,,,,,,,,,,,,,,,,,,,,,,,,,,,,,,,,,,,,,19.229,19.694,[],[],[],[],[],[],[],left,0.446,,19.694,19.7,19.702,19.993,0.69,0.31,79,21,2,26,2461,left,1,gold,purple,0,25,25,25,1,26,,,,,,
,,2026-09-30_12h21.44.675,Influenca_demo,2025.2.4,Win32,60.0240096,,,,,,,,,,,,,,,,PC/Laptop,,,,,,,,,,,,,,,,,,,,,,,,,,,,,,,,,,,,,19.996,20.243,[],[],[],[],[],[],[],left,0.229,,20.244,20.249,20.25,20.543,0.58,0.42,32,68,2,27,2493,left,1,gold,purple,0,26,26,26,1,27,,,,,,
,,2026-09-30_12h21.44.675,Influenca_demo,2025.2.4,Win32,60.0240096,,,,,,,,,,,,,,,,PC/Laptop,,,,,,,,,,,,,,,,,,,,,,,,,,,,,,,,,,,,,20.545,20.759,[],[],[],[],[],[],[],left,0.206,,20.76,20.766,20.767,21.059,0.41,0.59,27,73,2,28,2466,right,0,gold,purple,0,27,27,27,1,28,,,,,,
,,2026-09-30_12h21.44.675,Influenca_demo,2025.2.4,Win32,60.0240096,,,,,,,,,,,,,,,,PC/Laptop,,,,,,,,,,,,,,,,,,,,,,,,,,,,,,,,,,,,,21.061,21.326,[],[],[],[],[],[],[],left,0.247,,21.328,21.332,21.335,21.625,0.29,0.71,3,97,2,29,2463,right,0,gold,purple,0,28,28,28,1,29,,,,,,
,,2026-09-30_12h21.44.675,Influenca_demo,2025.2.4,Win32,60.0240096,,,,,,,,,,,,,,,,PC/Laptop,,,,,,,,,,,,,,,,,,,,,,,,,,,,,,,,,,,,,21.628,22.168,[],[],[],[],[],[],[],right,0.533,,22.168,22.171,22.172,22.459,0.42,0.58,25,75,2,30,2538,right,1,gold,purple,0,29,29,29,1,30,,,,,,
,,2026-09-30_12h21.44.675,Influenca_demo,2025.2.4,Win32,60.0240096,,,,,,,,,,,,,,,,PC/Laptop,,,,,,,,,,,,,,,,,,,,,,,,,,,,,,,,,,,,,22.462,22.643,[],[],[],[],[],[],[],right,0.173,,22.644,22.648,22.649,22.943,0.24,0.76,35,65,2,31,2603,right,1,gold,purple,0,30,30,30,1,31,,,,,,
,,2026-09-30_12h21.44.675,Influenca_demo,2025.2.4,Win32,60.0240096,,,,,,,,,,,,,,,,PC/Laptop,,,,,,,,,,,,,,,,,,,,,,,,,,,,,,,,,,,,,22.946,23.133,[],[],[],[],[],[],[],right,0.181,,23.134,23.137,23.138,23.426,0.34,0.66,69,31,2,32,2572,left,0,gold,purple,0,31,31,31,1,32,,,,,,
,,2026-09-30_12h21.44.675,Influenca_demo,2025.2.4,Win32,60.0240096,,,,,,,,,,,,,,,,PC/Laptop,,,,,,,,,,,,,,,,,,,,,,,,,,,,,,,,,,,,,23.429,23.692,[],[],[],[],[],[],[],right,0.253,,23.693,23.698,23.699,23.992,0.31,0.69,42,58,2,33,2514,left,0,gold,purple,0,32,32,32,1,33,,,,,,
,,2026-09-30_12h21.44.675,Influenca_demo,2025.2.4,Win32,60.0240096,,,,,,,,,,,,,,,,PC/Laptop,,,,,,,,,,,,,,,,,,,,,,,,,,,,,,,,,,,,,23.995,24.259,[],[],[],[],[],[],[],left,0.254,,24.26,24.265,24.266,24.559,0.32,0.68,85,15,2,34,2429,right,0,gold,purple,0,33,33,33,1,34,,,,,,
,,2026-09-30_12h21.44.675,Influenca_demo,2025.2.4,Win32,60.0240096,,,,,,,,,,,,,,,,PC/Laptop,,,,,,,,,,,,,,,,,,,,,,,,,,,,,,,,,,,,,24.562,24.776,[],[],[],[],[],[],[],left,0.207,,24.777,24.781,24.782,25.076,0.22,0.78,76,24,2,35,2353,right,0,gold,purple,0,34,34,34,1,35,,,,,,
,,2026-09-30_12h21.44.675,Influenca_demo,2025.2.4,Win32,60.0240096,,,,,,,,,,,,,,,,PC/Laptop,,,,,,,,,,,,,,,,,,,,,,,,,,,,,,,,,,,,,25.079,25.293,[],[],[],[],[],[],[],left,0.203,,25.294,25.298,25.3,25.593,0.14,0.86,94,6,2,36,2259,right,0,gold,purple,0,35,35,35,1,36,,,,,,
,,2026-09-30_12h21.44.675,Influenca_demo,2025.2.4,Win32,60.0240096,,,,,,,,,,,,,,,,PC/Laptop,,,,,,,,,,,,,,,,,,,,,,,,,,,,,,,,,,,,,25.596,25.725,[],[],[],[],[],[],[],right,0.12,,25.726,25.732,25.733,26.026,0.11,0.89,63,37,2,37,2222,left,0,gold,purple,0,36,36,36,1,37,,,,,,
,,2026-09-30_12h21.44.675,Influenca_demo,2025.2.4,Win32,60.0240096,,,,,,,,,,,,,,,,PC/Laptop,,,,,,,,,,,,,,,,,,,,,,,,,,,,,,,,,,,,,26.028,26.126,[],[],[],[],[],[],[],right,0.092,,26.126,26.13,26.131,26.426,0.12,0.88,56,44,2,38,2266,right,1,gold,purple,0,37,37,37,1,38,,,,,,
,,2026-09-30_12h21.44.675,Influenca_demo,2025.2.4,Win32,60.0240096,,,,,,,,,,,,,,,,PC/Laptop,,,,,,,,,,,,,,,,,,,,,,,,,,,,,,,,,,,,,26.429,26.665,[],[],[],[],[],[],[],right,0.231,,26.666,26.669,26.67,26.959,0.21,0.79,88,12,2,39,2278,right,1,gold,purple,0,38,38,38,1,39,,,,,,
,,2026-09-30_12h21.44.675,Influenca_demo,2025.2.4,Win32,60.0240096,,,,,,,,,,,,,,,,PC/Laptop,,,,,,,,,,,,,,,,,,,,,,,,,,,,,,,,,,,,,26.962,27.132,[],[],[],[],[],[],[],right,0.164,,27.133,27.136,27.137,27.426,0.2,0.8,16,84,2,40,2362,right,1,gold,purple,0,39,39,39,1,40,,,,,,
,,2026-09-30_12h21.44.675,Influenca_demo,2025.2.4,Win32,60.0240096,,,,,,,,,,,,,,,,PC/Laptop,,,,,,,,,,,,,,,,,,,,,,,,,,,,,,,,,,,,,27.428,27.549,[],[],[],[],[],[],[],right,0.115,,27.55,27.553,27.554,27.842,0.05,0.95,76,24,2,41,2386,right,1,gold,purple,0,40,40,40,1,41,,,,,,
,,2026-09-30_12h21.44.675,Influenca_demo,2025.2.4,Win32,60.0240096,,,,,,,,,,,,,,,,PC/Laptop,,,,,,,,,,,,,,,,,,,,,,,,,,,,,,,,,,,,,27.846,27.966,[],[],[],[],[],[],[],right,0.116,,27.967,27.971,27.972,28.26,0.05,0.95,61,39,2,42,2425,right,1,gold,purple,0,41,41,41,1,42,,,,,,
,,2026-09-30_12h21.44.675,Influenca_demo,2025.2.4,Win32,60.0240096,,,,,,,,,,,,,,,,PC/Laptop,,,,,,,,,,,,,,,,,,,,,,,,,,,,,,,,,,,,,28.261,28.416,[],[],[],[],[],[],[],right,0.149,,28.417,28.419,28.42,28.709,0.12,0.88,47,53,2,43,2478,right,1,gold,purple,0,42,42,42,1,43,,,,,,
,,2026-09-30_12h21.44.675,Influenca_demo,2025.2.4,Win32,60.0240096,,,,,,,,,,,,,,,,PC/Laptop,,,,,,,,,,,,,,,,,,,,,,,,,,,,,,,,,,,,,28.711,28.825,[],[],[],[],[],[],[],right,0.105,,28.827,28.832,28.833,29.126,0.24,0.76,46,54,2,44,2424,left,0,gold,purple,0,43,43,43,1,44,,,,,,
,,2026-09-30_12h21.44.675,Influenca_demo,2025.2.4,Win32,60.0240096,,,,,,,,,,,,,,,,PC/Laptop,,,,,,,,,,,,,,,,,,,,,,,,,,,,,,,,,,,,,29.129,29.483,[],[],[],[],[],[],[],right,0.346,,29.484,29.487,29.489,29.776,0.37,0.63,52,48,2,45,2472,right,1,gold,purple,0,44,44,44,1,45,,,,,,
,,2026-09-30_12h21.44.675,Influenca_demo,2025.2.4,Win32,60.0240096,,,,,,,,,,,,,,,,PC/Laptop,,,,,,,,,,,,,,,,,,,,,,,,,,,,,,,,,,,,,29.778,29.976,[],[],[],[],[],[],[],right,0.19,,29.977,29.982,29.984,30.276,0.36,0.64,56,44,2,46,2428,left,0,gold,purple,0,45,45,45,1,46,,,,,,
,,2026-09-30_12h21.44.675,Influenca_demo,2025.2.4,Win32,60.0240096,,,,,,,,,,,,,,,,PC/Laptop,,,,,,,,,,,,,,,,,,,,,,,,,,,,,,,,,,,,,30.278,30.509,[],[],[],[],[],[],[],right,0.223,,30.509,30.513,30.515,30.81,0.33,0.67,88,12,2,47,2440,right,1,gold,purple,0,46,46,46,1,47,,,,,,
,,2026-09-30_12h21.44.675,Influenca_demo,2025.2.4,Win32,60.0240096,,,,,,,,,,,,,,,,PC/Laptop,,,,,,,,,,,,,,,,,,,,,,,,,,,,,,,,,,,,,30.812,30.936,[],[],[],[],[],[],[],right,0.116,,30.936,30.939,30.94,31.243,0.4,0.6,14,86,2,48,2526,right,1,gold,purple,0,47,47,47,1,48,,,,,,
,,2026-09-30_12h21.44.675,Influenca_demo,2025.2.4,Win32,60.0240096,,,,,,,,,,,,,,,,PC/Laptop,,,,,,,,,,,,,,,,,,,,,,,,,,,,,,,,,,,,,31.246,31.384,[],[],[],[],[],[],[],right,0.132,,31.385,31.388,31.388,31.693,0.33,0.67,74,26,2,49,2552,right,1,gold,purple,0,48,48,48,1,49,,,,,,
,,2026-09-30_12h21.44.675,Influenca_demo,2025.2.4,Win32,60.0240096,,,,,,,,,,,,,,,,PC/Laptop,,,,,,,,,,,,,,,,,,,,,,,,,,,,,,,,,,,,,31.696,31.799,[],[],[],[],[],[],[],right,0.095,,31.799,31.802,31.803,32.093,0.17,0.83,96,4,2,50,2556,right,1,gold,purple,0,49,49,49,1,50,,,,,,
,,2026-09-30_12h21.44.675,Influenca_demo,2025.2.4,Win32,60.0240096,,,,,,,,,,,,,,,,PC/Laptop,,,,,,,,,,,,,,,,,,,,,,,,,,,,,,,,,,,,,32.095,36.46,[],[],[],[],[],[],[],right,4.355,,36.466,36.473,36.477,36.776,0.19,0.81,20,80,2,51,2636,right,1,gold,purple,0,50,50,50,1,51,,,,,,
,,2026-09-30_12h21.44.675,Influenca_demo,2025.2.4,Win32,60.0240096,,,,,,,,,,,,,,,,PC/Laptop,,,,,,,,,,,,,,,,,,,,,,,,,,,,,,,,,,,,,36.78,37.019,[],[],[],[],[],[],[],right,0.233,,37.02,37.023,37.025,37.327,0.33,0.67,24,76,2,52,2712,right,1,gold,purple,0,51,51,51,1,52,,,,,,
,,2026-09-30_12h21.44.675,Influenca_demo,2025.2.4,Win32,60.0240096,,,,,,,,,,,,,,,,PC/Laptop,,,,,,,,,,,,,,,,,,,,,,,,,,,,,,,,,,,,,37.328,37.518,[],[],[],[],[],[],[],right,0.183,,37.519,37.523,37.527,37.826,0.4,0.6,38,62,2,53,2650,left,0,gold,purple,0,52,52,52,1,53,,,,,,
,,2026-09-30_12h21.44.675,Influenca_demo,2025.2.4,Win32,60.0240096,,,,,,,,,,,,,,,,PC/Laptop,,,,,,,,,,,,,,,,,,,,,,,,,,,,,,,,,,,,,37.829,38.15,[],[],[],[],[],[],[],right,0.313,,38.151,38.155,38.156,38.444,0.4,0.6,85,15,2,54,2635,left,0,gold,purple,0,53,53,53,1,54,,,,,,
,,2026-09-30_12h21.44.675,Influenca_demo,2025.2.4,Win32,60.0240096,,,,,,,,,,,,,,,,PC/Laptop,,,,,,,,,,,,,,,,,,,,,,,,,,,,,,,,,,,,,38.447,38.659,[],[],[],[],[],[],[],right,0.206,,38.66,38.665,38.667,38.959,0.44,0.56,44,56,2,55,2579,left,0,gold,purple,0,54,54,54,1,55,,,,,,
,,2026-09-30_12h21.44.675,Influenca_demo,2025.2.4,Win32,60.0240096,,,,,,,,,,,,,,,,PC/Laptop,,,,,,,,,,,,,,,,,,,,,,,,,,,,,,,,,,,,,38.963,39.226,[],[],[],[],[],[],[],left,0.253,,39.227,39.232,39.234,39.526,0.27,0.73,32,68,2,56,2547,right,0,gold,purple,0,55,55,55,1,56,,,,,,
,,2026-09-30_12h21.44.675,Influenca_demo,2025.2.4,Win32,60.0240096,,,,,,,,,,,,,,,,PC/Laptop,,,,,,,,,,,,,,,,,,,,,,,,,,,,,,,,,,,,,39.529,39.694,[],[],[],[],[],[],[],left,0.152,,39.695,39.702,39.703,39.993,0.24,0.76,68,32,2,57,2479,right,0,gold,purple,0,56,56,56,1,57,,,,,,
,,2026-09-30_12h21.44.675,Influenca_demo,2025.2.4,Win32,60.0240096,,,,,,,,,,,,,,,,PC/Laptop,,,,,,,,,,,,,,,,,,,,,,,,,,,,,,,,,,,,,39.999,40.151,[],[],[],[],[],[],[],right,0.144,,40.151,40.155,40.156,40.459,0.12,0.88,43,57,2,58,2536,right,1,gold,purple,0,57,57,57,1,58,,,,,,
,,2026-09-30_12h21.44.675,Influenca_demo,2025.2.4,Win32,60.0240096,,,,,,,,,,,,,,,,PC/Laptop,,,,,,,,,,,,,,,,,,,,,,,,,,,,,,,,,,,,,40.462,40.527,[],[],[],[],[],[],[],right,0.057,,40.527,40.531,40.532,40.826,0.21,0.79,13,87,2,59,2623,right,1,gold,purple,0,58,58,58,1,59,,,,,,
,,2026-09-30_12h21.44.675,Influenca_demo,2025.2.4,Win32,60.0240096,,,,,,,,,,,,,,,,PC/Laptop,,,,,,,,,,,,,,,,,,,,,,,,,,,,,,,,,,,,,40.829,40.971,[],[],[],[],[],[],[],right,0.136,,40.972,40.975,40.976,41.276,0.08,0.92,88,12,2,60,2635,right,1,gold,purple,0,59,59,59,1,60,,,,,,
,,2026-09-30_12h21.44.675,Influenca_demo,2025.2.4,Win32,60.0240096,,,,,,,,,,,,,,,,PC/Laptop,,,,,,,,,,,,,,,,,,,,,,,,,,,,,,,,,,,,,41.28,41.376,[],[],[],[],[],[],[],right,0.088,,41.379,41.385,41.387,41.677,0.03,0.97,54,46,2,61,2681,right,1,gold,purple,0,60,60,60,1,61,,,,,,
,,2026-09-30_12h21.44.675,Influenca_demo,2025.2.4,Win32,60.0240096,,,,,,,,,,,,,,,,PC/Laptop,,,,,,,,,,,,,,,,,,,,,,,,,,,,,,,,,,,,,41.679,41.766,[],[],[],[],[],[],[],right,0.08,,41.766,41.767,41.768,42.06,0.01,0.99,86,14,2,62,2695,right,1,gold,purple,0,61,61,61,1,62,,,,,,
,,2026-09-30_12h21.44.675,Influenca_demo,2025.2.4,Win32,60.0240096,,,,,,,,,,,,,,,,PC/Laptop,,,,,,,,,,,,,,,,,,,,,,,,,,,,,,,,,,,,,42.061,42.551,[],[],[],[],[],[],[],right,0.485,,42.551,42.554,42.556,42.844,0.2,0.8,62,38,2,63,2733,right,1,gold,purple,0,62,62,62,1,63,,,,,,
,,2026-09-30_12h21.44.675,Influenca_demo,2025.2.4,Win32,60.0240096,,,,,,,,,,,,,,,,PC/Laptop,,,,,,,,,,,,,,,,,,,,,,,,,,,,,,,,,,,,,42.846,43.077,[],[],[],[],[],[],[],right,0.22,,43.079,43.083,43.085,43.376,0.19,0.81,88,12,2,64,2721,left,0,gold,purple,0,63,63,63,1,64,,,,,,
,,2026-09-30_12h21.44.675,Influenca_demo,2025.2.4,Win32,60.0240096,,,,,,,,,,,,,,,,PC/Laptop,,,,,,,,,,,,,,,,,,,,,,,,,,,,,,,,,,,,,43.378,43.733,[],[],[],[],[],[],[],right,0.346,,43.734,43.738,43.74,44.027,0.15,0.85,8,92,2,65,2813,right,1,gold,purple,0,64,64,64,1,65,,,,,,
,,2026-09-30_12h21.44.675,Influenca_demo,2025.2.4,Win32,60.0240096,,,,,,,,,,,,,,,,PC/Laptop,,,,,,,,,,,,,,,,,,,,,,,,,,,,,,,,,,,,,44.028,44.2,[],[],[],[],[],[],[],right,0.163,,44.2,44.205,44.206,44.494,0.16,0.84,97,3,2,66,2810,left,0,gold,purple,0,65,65,65,1,66,,,,,,
,,2026-09-30_12h21.44.675,Influenca_demo,2025.2.4,Win32,60.0240096,,,,,,,,,,,,,,,,PC/Laptop,,,,,,,,,,,,,,,,,,,,,,,,,,,,,,,,,,,,,44.497,44.634,[],[],[],[],[],[],[],right,0.13,,44.635,44.639,44.641,44.945,0.1,0.9,90,10,2,67,2820,right,1,gold,purple,0,66,66,66,1,67,,,,,,
,,2026-09-30_12h21.44.675,Influenca_demo,2025.2.4,Win32,60.0240096,,,,,,,,,,,,,,,,PC/Laptop,,,,,,,,,,,,,,,,,,,,,,,,,,,,,,,,,,,,,44.949,45.068,[],[],[],[],[],[],[],right,0.112,,45.068,45.073,45.074,45.377,0.13,0.87,7,93,2,68,2913,right,1,gold,purple,0,67,67,67,1,68,,,,,,
,,2026-09-30_12h21.44.675,Influenca_demo,2025.2.4,Win32,60.0240096,,,,,,,,,,,,,,,,PC/Laptop,,,,,,,,,,,,,,,,,,,,,,,,,,,,,,,,,,,,,45.38,45.484,[],[],[],[],[],[],[],right,0.097,,45.484,45.488,45.49,45.777,0.2,0.8,45,55,2,69,2968,right,1,gold,purple,0,68,68,68,1,69,,,,,,
,,2026-09-30_12h21.44.675,Influenca_demo,2025.2.4,Win32,60.0240096,,,,,,,,,,,,,,,,PC/Laptop,,,,,,,,,,,,,,,,,,,,,,,,,,,,,,,,,,,,,45.78,45.867,[],[],[],[],[],[],[],right,0.079,,45.869,45.872,45.874,46.177,0.19,0.81,74,26,2,70,2994,right,1,gold,purple,0,69,69,69,1,70,,,,,,
,,2026-09-30_12h21.44.675,Influenca_demo,2025.2.4,Win32,60.0240096,,,,,,,,,,,,,,,,PC/Laptop,,,,,,,,,,,,,,,,,,,,,,,,,,,,,,,,,,,,,46.18,46.226,[],[],[],[],[],[],[],right,0.038,,46.227,46.23,46.232,46.527,0.14,0.86,70,30,2,71,3024,right,1,gold,purple,0,70,70,70,1,71,,,,,,
,,2026-09-30_12h21.44.675,Influenca_demo,2025.2.4,Win32,60.0240096,,,,,,,,,,,,,,,,PC/Laptop,,,,,,,,,,,,,,,,,,,,,,,,,,,,,,,,,,,,,46.529,46.596,[],[],[],[],[],[],[],right,0.058,,46.598,46.601,46.603,46.894,0.27,0.73,81,19,2,72,3005,left,0,gold,purple,0,71,71,71,1,72,,,,,,
,,2026-09-30_12h21.44.675,Influenca_demo,2025.2.4,Win32,60.0240096,,,,,,,,,,,,,,,,PC/Laptop,,,,,,,,,,,,,,,,,,,,,,,,,,,,,,,,,,,,,46.898,47.26,[],[],[],[],[],[],[],left,0.347,,47.262,47.266,47.268,47.561,0.4,0.6,10,90,2,73,3015,left,1,gold,purple,0,72,72,72,1,73,,,,,,
,,2026-09-30_12h21.44.675,Influenca_demo,2025.2.4,Win32,60.0240096,,,,,,,,,,,,,,,,PC/Laptop,,,,,,,,,,,,,,,,,,,,,,,,,,,,,,,,,,,,,47.563,47.793,[],[],[],[],[],[],[],left,0.222,,47.795,47.798,47.8,48.093,0.32,0.68,25,75,2,74,3040,left,1,gold,purple,0,73,73,73,1,74,,,,,,
,,2026-09-30_12h21.44.675,Influenca_demo,2025.2.4,Win32,60.0240096,,,,,,,,,,,,,,,,PC/Laptop,,,,,,,,,,,,,,,,,,,,,,,,,,,,,,,,,,,,,48.097,48.144,[],[],[],[],[],[],[],left,0.028,,48.144,48.148,48.15,48.443,0.61,0.39,38,62,2,75,3078,left,1,gold,purple,0,74,74,74,1,75,,,,,,
,,2026-09-30_12h21.44.675,Influenca_demo,2025.2.4,Win32,60.0240096,,,,,,,,,,,,,,,,PC/Laptop,,,,,,,,,,,,,,,,,,,,,,,,,,,,,,,,,,,,,48.446,48.527,[],[],[],[],[],[],[],left,0.069,,48.528,48.532,48.533,48.827,0.66,0.34,49,51,2,76,3127,left,1,gold,purple,0,75,75,75,1,76,,,,,,
,,2026-09-30_12h21.44.675,Influenca_demo,2025.2.4,Win32,60.0240096,,,,,,,,,,,,,,,,PC/Laptop,,,,,,,,,,,,,,,,,,,,,,,,,,,,,,,,,,,,,48.83,48.911,[],[],[],[],[],[],[],left,0.075,,48.913,48.916,48.918,49.21,0.67,0.33,87,13,2,77,3214,left,1,gold,purple,0,76,76,76,1,77,,,,,,
,,2026-09-30_12h21.44.675,Influenca_demo,2025.2.4,Win32,60.0240096,,,,,,,,,,,,,,,,PC/Laptop,,,,,,,,,,,,,,,,,,,,,,,,,,,,,,,,,,,,,49.214,49.427,[],[],[],[],[],[],[],left,0.198,,49.429,49.432,49.433,49.727,0.76,0.24,78,22,2,78,3292,left,1,gold,purple,0,77,77,77,1,78,,,,,,
,,2026-09-30_12h21.44.675,Influenca_demo,2025.2.4,Win32,60.0240096,,,,,,,,,,,,,,,,PC/Laptop,,,,,,,,,,,,,,,,,,,,,,,,,,,,,,,,,,,,,49.729,49.944,[],[],[],[],[],[],[],left,0.204,,49.945,49.951,49.953,50.244,0.78,0.22,95,5,2,79,3387,left,1,gold,purple,0,78,78,78,1,79,,,,,,
,,2026-09-30_12h21.44.675,Influenca_demo,2025.2.4,Win32,60.0240096,,,,,,,,,,,,,,,,PC/Laptop,,,,,,,,,,,,,,,,,,,,,,,,,,,,,,,,,,,,,50.248,50.377,[],[],[],[],[],[],[],left,0.111,,50.378,50.38,50.383,50.677,0.65,0.35,11,89,2,80,3398,left,1,gold,purple,0,79,79,79,1,80,,,,,,
,,2026-09-30_12h21.44.675,Influenca_demo,2025.2.4,Win32,60.0240096,,,,,,,,,,,,,,,,PC/Laptop,,,,,,,,,,,,,,,,,,,,,,,,,,,,,,,,,,,,,50.681,50.827,[],[],[],[],[],[],[],left,0.131,,50.827,50.831,50.834,51.127,0.68,0.32,47,53,2,81,3351,right,0,gold,purple,0,80,80,80,1,81,,,,,,
,,2026-09-30_12h21.44.675,Influenca_demo,2025.2.4,Win32,60.0240096,,,,,,,,,,,,,,,,PC/Laptop,,,,,,,,,,,,,,,,,,,,,,,,,,,,,,,,,,,,,51.129,51.393,[],[],[],[],[],[],[],left,0.253,,51.394,51.399,51.4,51.694,0.66,0.34,67,33,2,82,3418,left,1,gold,purple,0,81,81,81,1,82,,,,,,
,,2026-09-30_12h21.44.675,Influenca_demo,2025.2.4,Win32,60.0240096,,,,,,,,,,,,,,,,PC/Laptop,,,,,,,,,,,,,,,,,,,,,,,,,,,,,,,,,,,,,51.697,51.843,[],[],[],[],[],[],[],left,0.128,,51.845,51.85,51.852,52.144,0.72,0.28,10,90,2,83,3428,left,1,gold,purple,0,82,82,82,1,83,,,,,,
,,2026-09-30_12h21.44.675,Influenca_demo,2025.2.4,Win32,60.0240096,,,,,,,,,,,,,,,,PC/Laptop,,,,,,,,,,,,,,,,,,,,,,,,,,,,,,,,,,,,,52.146,52.26,[],[],[],[],[],[],[],left,0.104,,52.26,52.265,52.267,52.56,0.79,0.21,98,2,2,84,3526,left,1,gold,purple,0,83,83,83,1,84,,,,,,
,,2026-09-30_12h21.44.675,Influenca_demo,2025.2.4,Win32,60.0240096,,,,,,,,,,,,,,,,PC/Laptop,,,,,,,,,,,,,,,,,,,,,,,,,,,,,,,,,,,,,52.563,52.693,[],[],[],[],[],[],[],left,0.118,,52.694,52.699,52.7,52.994,0.7,0.3,35,65,2,85,3491,right,0,gold,purple,0,84,84,84,1,85,,,,,,
,,2026-09-30_12h21.44.675,Influenca_demo,2025.2.4,Win32,60.0240096,,,,,,,,,,,,,,,,PC/Laptop,,,,,,,,,,,,,,,,,,,,,,,,,,,,,,,,,,,,,52.996,53.311,[],[],[],[],[],[],[],left,0.3,,53.313,53.318,53.319,53.61,0.92,0.08,6,94,2,86,3497,left,1,gold,purple,0,85,85,85,1,86,,,,,,
,,2026-09-30_12h21.44.675,Influenca_demo,2025.2.4,Win32,60.0240096,,,,,,,,,,,,,,,,PC/Laptop,,,,,,,,,,,,,,,,,,,,,,,,,,,,,,,,,,,,,53.613,53.81,[],[],[],[],[],[],[],left,0.179,,53.811,53.816,53.818,54.11,1,0,79,21,2,87,3576,left,1,gold,purple,0,86,86,86,1,87,,,,,,
,,2026-09-30_12h21.44.675,Influenca_demo,2025.2.4,Win32,60.0240096,,,,,,,,,,,,,,,,PC/Laptop,,,,,,,,,,,,,,,,,,,,,,,,,,,,,,,,,,,,,54.113,54.26,[],[],[],[],[],[],[],left,0.141,,54.262,54.267,54.269,54.56,0.94,0.06,50,50,2,88,3626,left,1,gold,purple,0,87,87,87,1,88,,,,,,
,,2026-09-30_12h21.44.675,Influenca_demo,2025.2.4,Win32,60.0240096,,,,,,,,,,,,,,,,PC/Laptop,,,,,,,,,,,,,,,,,,,,,,,,,,,,,,,,,,,,,54.563,54.677,[],[],[],[],[],[],[],left,0.104,,54.679,54.682,54.683,54.977,0.98,0.02,16,84,2,89,3642,left,1,gold,purple,0,88,88,88,1,89,,,,,,
,,2026-09-30_12h21.44.675,Influenca_demo,2025.2.4,Win32,60.0240096,,,,,,,,,,,,,,,,PC/Laptop,,,,,,,,,,,,,,,,,,,,,,,,,,,,,,,,,,,,,54.981,55.127,[],[],[],[],[],[],[],left,0.136,,55.128,55.133,55.135,55.427,0.98,0.02,6,94,2,90,3648,left,1,gold,purple,0,89,89,89,1,90,,,,,,
,,2026-09-30_12h21.44.675,Influenca_demo,2025.2.4,Win32,60.0240096,,,,,,,,,,,,,,,,PC/Laptop,,,,,,,,,,,,,,,,,,,,,,,,,,,,,,,,,,,,,55.431,55.761,[],[],[],[],[],[],[],left,0.322,,55.762,55.767,55.769,56.06,0.93,0.07,28,72,2,91,3676,left,1,gold,purple,0,90,90,90,1,91,,,,,,
,,2026-09-30_12h21.44.675,Influenca_demo,2025.2.4,Win32,60.0240096,,,,,,,,,,,,,,,,PC/Laptop,,,,,,,,,,,,,,,,,,,,,,,,,,,,,,,,,,,,,56.062,56.26,[],[],[],[],[],[],[],left,0.186,,56.261,56.265,56.267,56.561,0.95,0.05,80,20,2,92,3756,left,1,gold,purple,0,91,91,91,1,92,,,,,,
,,2026-09-30_12h21.44.675,Influenca_demo,2025.2.4,Win32,60.0240096,,,,,,,,,,,,,,,,PC/Laptop,,,,,,,,,,,,,,,,,,,,,,,,,,,,,,,,,,,,,56.565,56.693,[],[],[],[],[],[],[],left,0.116,,56.695,56.7,56.701,56.994,0.82,0.18,13,87,2,93,3769,left,1,gold,purple,0,92,92,92,1,93,,,,,,
,,2026-09-30_12h21.44.675,Influenca_demo,2025.2.4,Win32,60.0240096,,,,,,,,,,,,,,,,PC/Laptop,,,,,,,,,,,,,,,,,,,,,,,,,,,,,,,,,,,,,56.997,57.078,[],[],[],[],[],[],[],left,0.064,,57.079,57.083,57.085,57.377,0.79,0.21,45,55,2,94,3814,left,1,gold,purple,0,93,93,93,1,94,,,,,,
,,2026-09-30_12h21.44.675,Influenca_demo,2025.2.4,Win32,60.0240096,,,,,,,,,,,,,,,,PC/Laptop,,,,,,,,,,,,,,,,,,,,,,,,,,,,,,,,,,,,,57.383,57.561,[],[],[],[],[],[],[],left,0.164,,57.562,57.567,57.568,57.862,0.83,0.17,67,33,2,95,3881,left,1,gold,purple,0,94,94,94,1,95,,,,,,
,,2026-09-30_12h21.44.675,Influenca_demo,2025.2.4,Win32,60.0240096,,,,,,,,,,,,,,,,PC/Laptop,,,,,,,,,,,,,,,,,,,,,,,,,,,,,,,,,,,,,57.868,57.961,[],[],[],[],[],[],[],left,0.079,,57.961,57.965,57.967,58.262,0.68,0.32,94,6,2,96,3787,right,0,gold,purple,0,95,95,95,1,96,,,,,,
,,2026-09-30_12h21.44.675,Influenca_demo,2025.2.4,Win32,60.0240096,,,,,,,,,,,,,,,,PC/Laptop,,,,,,,,,,,,,,,,,,,,,,,,,,,,,,,,,,,,,58.266,58.493,[],[],[],[],[],[],[],left,0.213,,58.494,58.499,58.5,58.795,0.75,0.25,14,86,2,97,3773,right,0,gold,purple,0,96,96,96,1,97,,,,,,
,,2026-09-30_12h21.44.675,Influenca_demo,2025.2.4,Win32,60.0240096,,,,,,,,,,,,,,,,PC/Laptop,,,,,,,,,,,,,,,,,,,,,,,,,,,,,,,,,,,,,58.799,59,[],[],[],[],[],[],[],right,0.194,,59.001,59.006,59.007,59.294,0.71,0.29,86,14,2,98,3759,left,0,gold,purple,0,97,97,97,1,98,,,,,,
,,2026-09-30_12h21.44.675,Influenca_demo,2025.2.4,Win32,60.0240096,,,,,,,,,,,,,,,,PC/Laptop,,,,,,,,,,,,,,,,,,,,,,,,,,,,,,,,,,,,,59.297,59.545,[],[],[],[],[],[],[],right,0.24,,59.546,59.549,59.551,59.844,0.61,0.39,23,77,2,99,3836,right,1,gold,purple,0,98,98,98,1,99,,,,,,
,,2026-09-30_12h21.44.675,Influenca_demo,2025.2.4,Win32,60.0240096,,,,,,,,,,,,,,,,PC/Laptop,,,,,,,,,,,,,,,,,,,,,,,,,,,,,,,,,,,,,59.848,59.994,[],[],[],[],[],[],[],right,0.135,,59.995,60.001,60.002,60.294,0.53,0.47,83,17,2,100,3819,left,0,gold,purple,0,99,99,99,1,100,,,,,,
,,2026-09-30_12h21.44.675,Influenca_demo,2025.2.4,Win32,60.0240096,,,,,,,,,,,,,,,,PC/Laptop,,,,,,,,,,,,,,,,,,,,,,,,,,,,,,,,,,,,,60.298,60.636,[],[],[],[],[],[],[],right,0.329,,60.638,60.642,60.644,60.944,0.43,0.57,6,94,2,101,3913,right,1,gold,purple,0,100,100,100,1,101,,,,,,
,,2026-09-30_12h21.44.675,Influenca_demo,2025.2.4,Win32,60.0240096,,,,,,,,,,,,,,,,PC/Laptop,,,,,,,,,,,,,,,,,,,,,,,,,,,,,,,,,,,,,60.947,61.144,[],[],[],[],[],[],[],right,0.183,,61.145,61.15,61.151,61.445,0.61,0.39,48,52,2,102,3861,left,0,gold,purple,0,101,101,101,1,102,,,,,,
,,2026-09-30_12h21.44.675,Influenca_demo,2025.2.4,Win32,60.0240096,,,,,,,,,,,,,,,,PC/Laptop,,,,,,,,,,,,,,,,,,,,,,,,,,,,,,,,,,,,,61.448,61.705,[],[],[],[],[],[],[],right,0.249,,61.706,61.709,61.713,62.01,0.69,0.31,49,51,2,103,3810,left,0,gold,purple,0,102,102,102,1,103,,,,,,
,,2026-09-30_12h21.44.675,Influenca_demo,2025.2.4,Win32,60.0240096,,,,,,,,,,,,,,,,PC/Laptop,,,,,,,,,,,,,,,,,,,,,,,,,,,,,,,,,,,,,62.012,62.177,[],[],[],[],[],[],[],left,0.152,,62.179,62.183,62.184,62.478,0.6,0.4,54,46,2,104,3864,left,1,gold,purple,0,103,103,103,1,104,,,,,,
,,2026-09-30_12h21.44.675,Influenca_demo,2025.2.4,Win32,60.0240096,,,,,,,,,,,,,,,,PC/Laptop,,,,,,,,,,,,,,,,,,,,,,,,,,,,,,,,,,,,,62.482,62.645,[],[],[],[],[],[],[],left,0.147,,62.647,62.653,62.655,62.944,0.54,0.46,10,90,2,105,3854,right,0,gold,purple,0,104,104,104,1,105,,,,,,
,,2026-09-30_12h21.44.675,Influenca_demo,2025.2.4,Win32,60.0240096,,,,,,,,,,,,,,,,PC/Laptop,,,,,,,,,,,,,,,,,,,,,,,,,,,,,,,,,,,,,62.946,63.227,[],[],[],[],[],[],[],left,0.263,,63.228,63.232,63.233,63.527,0.5,0.5,55,45,2,106,3909,left,1,gold,purple,0,105,105,105,1,106,,,,,,
,,2026-09-30_12h21.44.675,Influenca_demo,2025.2.4,Win32,60.0240096,,,,,,,,,,,,,,,,PC/Laptop,,,,,,,,,,,,,,,,,,,,,,,,,,,,,,,,,,,,,63.531,63.761,[],[],[],[],[],[],[],left,0.216,,63.762,63.768,63.769,64.061,0.24,0.76,74,26,2,107,3835,right,0,gold,purple,0,106,106,106,1,107,,,,,,
,,2026-09-30_12h21.44.675,Influenca_demo,2025.2.4,Win32,60.0240096,,,,,,,,,,,,,,,,PC/Laptop,,,,,,,,,,,,,,,,,,,,,,,,,,,,,,,,,,,,,64.065,64.394,[],[],[],[],[],[],[],left,0.319,,64.396,64.401,64.403,64.696,0.48,0.52,57,43,2,108,3892,left,1,gold,purple,0,107,107,107,1,108,,,,,,
,,2026-09-30_12h21.44.675,Influenca_demo,2025.2.4,Win32,60.0240096,,,,,,,,,,,,,,,,PC/Laptop,,,,,,,,,,,,,,,,,,,,,,,,,,,,,,,,,,,,,64.698,64.96,[],[],[],[],[],[],[],left,0.252,,64.963,64.967,64.968,65.26,0.32,0.68,46,54,2,109,3846,right,0,gold,purple,0,108,108,108,1,109,,,,,,
,,2026-09-30_12h21.44.675,Influenca_demo,2025.2.4,Win32,60.0240096,,,,,,,,,,,,,,,,PC/Laptop,,,,,,,,,,,,,,,,,,,,,,,,,,,,,,,,,,,,,65.262,65.361,[],[],[],[],[],[],[],left,0.084,,65.362,65.368,65.368,65.661,0.38,0.62,10,90,2,110,3836,right,0,gold,purple,0,109,109,109,1,110,,,,,,
,,2026-09-30_12h21.44.675,Influenca_demo,2025.2.4,Win32,60.0240096,,,,,,,,,,,,,,,,PC/Laptop,,,,,,,,,,,,,,,,,,,,,,,,,,,,,,,,,,,,,65.665,65.794,[],[],[],[],[],[],[],right,0.117,,65.795,65.8,65.802,66.095,0.45,0.55,16,84,2,111,3752,left,0,gold,purple,0,110,110,110,1,111,,,,,,
,,2026-09-30_12h21.44.675,Influenca_demo,2025.2.4,Win32,60.0240096,,,,,,,,,,,,,,,,PC/Laptop,,,,,,,,,,,,,,,,,,,,,,,,,,,,,,,,,,,,,66.097,66.327,[],[],[],[],[],[],[],right,0.22,,66.328,66.334,66.335,66.627,0.44,0.56,52,48,2,112,3704,left,0,gold,purple,0,111,111,111,1,112,,,,,,
,,2026-09-30_12h21.44.675,Influenca_demo,2025.2.4,Win32,60.0240096,,,,,,,,,,,,,,,,PC/Laptop,,,,,,,,,,,,,,,,,,,,,,,,,,,,,,,,,,,,,66.63,66.836,[],[],[],[],[],[],[],right,0.2,,66.836,66.839,66.841,67.128,0.27,0.73,57,43,2,113,3661,left,0,gold,purple,0,112,112,112,1,113,,,,,,
,,2026-09-30_12h21.44.675,Influenca_demo,2025.2.4,Win32,60.0240096,,,,,,,,,,,,,,,,PC/Laptop,,,,,,,,,,,,,,,,,,,,,,,,,,,,,,,,,,,,,67.13,67.263,[],[],[],[],[],[],[],left,0.115,,67.266,67.276,67.277,67.578,0.22,0.78,69,31,2,114,3592,right,0,gold,purple,0,113,113,113,1,114,,,,,,
,,2026-09-30_12h21.44.675,Influenca_demo,2025.2.4,Win32,60.0240096,,,,,,,,,,,,,,,,PC/Laptop,,,,,,,,,,,,,,,,,,,,,,,,,,,,,,,,,,,,,67.583,67.745,[],[],[],[],[],[],[],left,0.137,,67.746,67.75,67.752,68.044,0.17,0.83,16,84,2,115,3576,right,0,gold,purple,0,114,114,114,1,115,,,,,,
,,2026-09-30_12h21.44.675,Influenca_demo,2025.2.4,Win32,60.0240096,,,,,,,,,,,,,,,,PC/Laptop,,,,,,,,,,,,,,,,,,,,,,,,,,,,,,,,,,,,,68.048,68.244,[],[],[],[],[],[],[],left,0.18,,68.245,68.251,68.253,68.545,0.25,0.75,21,79,2,116,3555,right,0,gold,purple,0,115,115,115,1,116,,,,,,
,,2026-09-30_12h21.44.675,Influenca_demo,2025.2.4,Win32,60.0240096,,,,,,,,,,,,,,,,PC/Laptop,,,,,,,,,,,,,,,,,,,,,,,,,,,,,,,,,,,,,68.548,68.778,[],[],[],[],[],[],[],left,0.213,,68.778,68.784,68.785,69.077,0.31,0.69,62,38,2,117,3493,right,0,gold,purple,0,116,116,116,1,117,,,,,,
,,2026-09-30_12h21.44.675,Influenca_demo,2025.2.4,Win32,60.0240096,,,,,,,,,,,,,,,,PC/Laptop,,,,,,,,,,,,,,,,,,,,,,,,,,,,,,,,,,,,,69.079,69.253,[],[],[],[],[],[],[],right,0.167,,69.254,69.257,69.259,69.561,0.13,0.87,12,88,2,118,3581,right,1,gold,purple,0,117,117,117,1,118,,,,,,
,,2026-09-30_12h21.44.675,Influenca_demo,2025.2.4,Win32,60.0240096,,,,,,,,,,,,,,,,PC/Laptop,,,,,,,,,,,,,,,,,,,,,,,,,,,,,,,,,,,,,69.564,69.695,[],[],[],[],[],[],[],right,0.123,,69.697,69.703,69.705,69.994,0.12,0.88,25,75,2,119,3656,right,1,gold,purple,0,118,118,118,1,119,,,,,,
,,2026-09-30_12h21.44.675,Influenca_demo,2025.2.4,Win32,60.0240096,,,,,,,,,,,,,,,,PC/Laptop,,,,,,,,,,,,,,,,,,,,,,,,,,,,,,,,,,,,,69.996,70.138,[],[],[],[],[],[],[],right,0.137,,70.138,70.141,70.142,70.444,0.03,0.97,63,37,2,120,3693,right,1,gold,purple,0,119,119,119,1,120,,,,,,
,,2026-09-30_12h21.44.675,Influenca_demo,2025.2.4,Win32,60.0240096,,,,,,,,,,,,,,,,PC/Laptop,,,,,,,,,,,,,,,,,,,,,,,,,,,,,,,,,,,,,70.445,70.505,[],[],[],[],[],[],[],right,0.053,,70.506,70.509,70.51,70.81,0.14,0.86,68,32,2,121,3725,right,1,gold,purple,0,120,120,120,1,121,,,,,,
,,2026-09-30_12h21.44.675,Influenca_demo,2025.2.4,Win32,60.0240096,,,,,,,,,,,,,,,,PC/Laptop,,,,,,,,,,,,,,,,,,,,,,,,,,,,,,,,,,,,,70.814,70.944,[],[],[],[],[],[],[],right,0.122,,70.945,70.951,70.951,71.244,0.21,0.79,37,63,2,122,3788,right,1,gold,purple,0,121,121,121,1,122,,,,,,
,,2026-09-30_12h21.44.675,Influenca_demo,2025.2.4,Win32,60.0240096,,,,,,,,,,,,,,,,PC/Laptop,,,,,,,,,,,,,,,,,,,,,,,,,,,,,,,,,,,,,71.247,71.354,[],[],[],[],[],[],[],right,0.099,,71.355,71.36,71.362,71.661,0.3,0.7,90,10,2,123,3798,right,1,gold,purple,0,122,122,122,1,123,,,,,,
,,2026-09-30_12h21.44.675,Influenca_demo,2025.2.4,Win32,60.0240096,,,,,,,,,,,,,,,,PC/Laptop,,,,,,,,,,,,,,,,,,,,,,,,,,,,,,,,,,,,,71.664,71.777,[],[],[],[],[],[],[],right,0.104,,71.778,71.783,71.785,72.077,0.35,0.65,5,95,2,124,3703,left,0,gold,purple,0,123,123,123,1,124,,,,,,
,,2026-09-30_12h21.44.675,Influenca_demo,2025.2.4,Win32,60.0240096,,,,,,,,,,,,,,,,PC/Laptop,,,,,,,,,,,,,,,,,,,,,,,,,,,,,,,,,,,,,72.081,72.335,[],[],[],[],[],[],[],right,0.245,,72.336,72.338,72.34,72.628,0.51,0.49,69,31,2,125,3734,right,1,gold,purple,0,124,124,124,1,125,,,,,,
,,2026-09-30_12h21.44.675,Influenca_demo,2025.2.4,Win32,60.0240096,,,,,,,,,,,,,,,,PC/Laptop,,,,,,,,,,,,,,,,,,,,,,,,,,,,,,,,,,,,,72.632,72.801,[],[],[],[],[],[],[],right,0.16,,72.802,72.807,72.808,73.11,0.43,0.57,47,53,2,126,3681,left,0,gold,purple,0,125,125,125,1,126,,,,,,
,,2026-09-30_12h21.44.675,Influenca_demo,2025.2.4,Win32,60.0240096,,,,,,,,,,,,,,,,PC/Laptop,,,,,,,,,,,,,,,,,,,,,,,,,,,,,,,,,,,,,73.113,73.354,[],[],[],[],[],[],[],right,0.232,,73.355,73.36,73.362,73.661,0.47,0.53,56,44,2,127,3725,right,1,gold,purple,0,126,126,126,1,127,,,,,,
,,2026-09-30_12h21.44.675,Influenca_demo,2025.2.4,Win32,60.0240096,,,,,,,,,,,,,,,,PC/Laptop,,,,,,,,,,,,,,,,,,,,,,,,,,,,,,,,,,,,,73.664,73.878,[],[],[],[],[],[],[],right,0.207,,73.879,73.884,73.886,74.178,0.33,0.67,34,66,2,128,3791,right,1,gold,purple,0,127,127,127,1,128,,,,,,
,,2026-09-30_12h21.44.675,Influenca_demo,2025.2.4,Win32,60.0240096,,,,,,,,,,,,,,,,PC/Laptop,,,,,,,,,,,,,,,,,,,,,,,,,,,,,,,,,,,,,74.18,74.338,[],[],[],[],[],[],[],right,0.149,,74.339,74.345,74.347,74.645,0.41,0.59,56,44,2,129,3835,right,1,gold,purple,0,128,128,128,1,129,,,,,,
,,2026-09-30_12h21.44.675,Influenca_demo,2025.2.4,Win32,60.0240096,,,,,,,,,,,,,,,,PC/Laptop,,,,,,,,,,,,,,,,,,,,,,,,,,,,,,,,,,,,,74.648,74.822,[],[],[],[],[],[],[],right,0.165,,74.823,74.826,74.829,75.128,0.22,0.78,97,3,2,130,3838,right,1,gold,purple,0,129,129,129,1,130,,,,,,
,,2026-09-30_12h21.44.675,Influenca_demo,2025.2.4,Win32,60.0240096,,,,,,,,,,,,,,,,PC/Laptop,,,,,,,,,,,,,,,,,,,,,,,,,,,,,,,,,,,,,75.13,75.245,[],[],[],[],[],[],[],right,0.104,,75.246,75.251,75.253,75.545,0.19,0.81,16,84,2,131,3754,left,0,gold,purple,0,130,130,130,1,131,,,,,,
,,2026-09-30_12h21.44.675,Influenca_demo,2025.2.4,Win32,60.0240096,,,,,,,,,,,,,,,,PC/Laptop,,,,,,,,,,,,,,,,,,,,,,,,,,,,,,,,,,,,,75.548,76.397,[],[],[],[],[],[],[],left,0.832,,76.398,76.403,76.405,76.694,0.12,0.88,38,62,2,132,3716,right,0,gold,purple,0,131,131,131,1,132,,,,,,
,,2026-09-30_12h21.44.675,Influenca_demo,2025.2.4,Win32,60.0240096,,,,,,,,,,,,,,,,PC/Laptop,,,,,,,,,,,,,,,,,,,,,,,,,,,,,,,,,,,,,76.699,76.847,[],[],[],[],[],[],[],right,0.141,,76.848,76.853,76.855,77.144,0.19,0.81,19,81,2,133,3797,right,1,gold,purple,0,132,132,132,1,133,,,,,,
,,2026-09-30_12h21.44.675,Influenca_demo,2025.2.4,Win32,60.0240096,,,,,,,,,,,,,,,,PC/Laptop,,,,,,,,,,,,,,,,,,,,,,,,,,,,,,,,,,,,,77.146,77.354,[],[],[],[],[],[],[],right,0.203,,77.354,77.359,77.362,77.661,0.37,0.63,38,62,2,134,3735,left,0,gold,purple,0,133,133,133,1,134,,,,,,
,,2026-09-30_12h21.44.675,Influenca_demo,2025.2.4,Win32,60.0240096,,,,,,,,,,,,,,,,PC/Laptop,,,,,,,,,,,,,,,,,,,,,,,,,,,,,,,,,,,,,77.663,77.995,[],[],[],[],[],[],[],right,0.326,,77.996,78.004,78.005,78.294,0.42,0.58,8,92,2,135,3643,left,0,gold,purple,0,134,134,134,1,135,,,,,,
,,2026-09-30_12h21.44.675,Influenca_demo,2025.2.4,Win32,60.0240096,,,,,,,,,,,,,,,,PC/Laptop,,,,,,,,,,,,,,,,,,,,,,,,,,,,,,,,,,,,,78.298,78.478,[],[],[],[],[],[],[],left,0.171,,78.48,78.486,78.487,78.778,0.48,0.52,32,68,2,136,3611,right,0,gold,purple,0,135,135,135,1,136,,,,,,
,,2026-09-30_12h21.44.675,Influenca_demo,2025.2.4,Win32,60.0240096,,,,,,,,,,,,,,,,PC/Laptop,,,,,,,,,,,,,,,,,,,,,,,,,,,,,,,,,,,,,78.782,78.978,[],[],[],[],[],[],[],left,0.18,,78.978,78.984,78.986,79.278,0.53,0.47,58,42,2,137,3669,left,1,gold,purple,0,136,136,136,1,137,,,,,,
,,2026-09-30_12h21.44.675,Influenca_demo,2025.2.4,Win32,60.0240096,,,,,,,,,,,,,,,,PC/Laptop,,,,,,,,,,,,,,,,,,,,,,,,,,,,,,,,,,,,,79.28,79.495,[],[],[],[],[],[],[],left,0.199,,79.495,79.502,79.503,79.795,0.55,0.45,3,97,2,138,3672,left,1,gold,purple,0,137,137,137,1,138,,,,,,
,,2026-09-30_12h21.44.675,Influenca_demo,2025.2.4,Win32,60.0240096,,,,,,,,,,,,,,,,PC/Laptop,,,,,,,,,,,,,,,,,,,,,,,,,,,,,,,,,,,,,79.798,79.979,[],[],[],[],[],[],[],left,0.172,,79.98,79.984,79.987,80.278,0.65,0.35,20,80,2,139,3652,right,0,gold,purple,0,138,138,138,1,139,,,,,,
,,2026-09-30_12h21.44.675,Influenca_demo,2025.2.4,Win32,60.0240096,,,,,,,,,,,,,,,,PC/Laptop,,,,,,,,,,,,,,,,,,,,,,,,,,,,,,,,,,,,,80.282,80.445,[],[],[],[],[],[],[],left,0.149,,80.447,80.451,80.453,80.745,0.72,0.28,89,11,2,140,3741,left,1,gold,purple,0,139,139,139,1,140,,,,,,
,,2026-09-30_12h21.44.675,Influenca_demo,2025.2.4,Win32,60.0240096,,,,,,,,,,,,,,,,PC/Laptop,,,,,,,,,,,,,,,,,,,,,,,,,,,,,,,,,,,,,80.75,80.913,[],[],[],[],[],[],[],left,0.156,,80.914,80.916,80.918,81.211,0.77,0.23,48,52,2,141,3789,left,1,gold,purple,0,140,140,140,1,141,,,,,,
,,2026-09-30_12h21.44.675,Influenca_demo,2025.2.4,Win32,60.0240096,,,,,,,,,,,,,,,,PC/Laptop,,,,,,,,,,,,,,,,,,,,,,,,,,,,,,,,,,,,,81.214,81.378,[],[],[],[],[],[],[],left,0.148,,81.379,81.383,81.385,81.679,0.77,0.23,35,65,2,142,3824,left,1,gold,purple,0,141,141,141,1,142,,,,,,
,,2026-09-30_12h21.44.675,Influenca_demo,2025.2.4,Win32,60.0240096,,,,,,,,,,,,,,,,PC/Laptop,,,,,,,,,,,,,,,,,,,,,,,,,,,,,,,,,,,,,81.682,81.777,[],[],[],[],[],[],[],left,0.085,,81.778,81.782,81.785,82.078,0.79,0.21,74,26,2,143,3898,left,1,gold,purple,0,142,142,142,1,143,,,,,,
,,2026-09-30_12h21.44.675,Influenca_demo,2025.2.4,Win32,60.0240096,,,,,,,,,,,,,,,,PC/Laptop,,,,,,,,,,,,,,,,,,,,,,,,,,,,,,,,,,,,,82.082,82.178,[],[],[],[],[],[],[],left,0.084,,82.179,82.183,82.185,82.478,0.85,0.15,67,33,2,144,3965,left,1,gold,purple,0,143,143,143,1,144,,,,,,
,,2026-09-30_12h21.44.675,Influenca_demo,2025.2.4,Win32,60.0240096,,,,,,,,,,,,,,,,PC/Laptop,,,,,,,,,,,,,,,,,,,,,,,,,,,,,,,,,,,,,82.481,82.714,[],[],[],[],[],[],[],left,0.223,,82.715,82.721,82.722,83.011,0.73,0.27,79,21,2,145,4044,left,1,gold,purple,0,144,144,144,1,145,,,,,,
,,2026-09-30_12h21.44.675,Influenca_demo,2025.2.4,Win32,60.0240096,,,,,,,,,,,,,,,,PC/Laptop,,,,,,,,,,,,,,,,,,,,,,,,,,,,,,,,,,,,,83.015,83.161,[],[],[],[],[],[],[],left,0.133,,83.162,83.167,83.168,83.461,0.72,0.28,24,76,2,146,4068,left,1,gold,purple,0,145,145,145,1,146,,,,,,
,,2026-09-30_12h21.44.675,Influenca_demo,2025.2.4,Win32,60.0240096,,,,,,,,,,,,,,,,PC/Laptop,,,,,,,,,,,,,,,,,,,,,,,,,,,,,,,,,,,,,83.465,83.545,[],[],[],[],[],[],[],left,0.064,,83.546,83.552,83.554,83.846,0.61,0.39,72,28,2,147,3996,right,0,gold,purple,0,146,146,146,1,147,,,,,,
,,2026-09-30_12h21.44.675,Influenca_demo,2025.2.4,Win32,60.0240096,,,,,,,,,,,,,,,,PC/Laptop,,,,,,,,,,,,,,,,,,,,,,,,,,,,,,,,,,,,,83.85,84.095,[],[],[],[],[],[],[],left,0.233,,84.096,84.102,84.103,84.394,0.63,0.37,42,58,2,148,4038,left,1,gold,purple,0,147,147,147,1,148,,,,,,
,,2026-09-30_12h21.44.675,Influenca_demo,2025.2.4,Win32,60.0240096,,,,,,,,,,,,,,,,PC/Laptop,,,,,,,,,,,,,,,,,,,,,,,,,,,,,,,,,,,,,84.397,84.546,[],[],[],[],[],[],[],left,0.142,,84.546,84.553,84.555,84.844,0.55,0.45,8,92,2,149,4030,right,0,gold,purple,0,148,148,148,1,149,,,,,,
,,2026-09-30_12h21.44.675,Influenca_demo,2025.2.4,Win32,60.0240096,,,,,,,,,,,,,,,,PC/Laptop,,,,,,,,,,,,,,,,,,,,,,,,,,,,,,,,,,,,,84.848,85.061,[],[],[],[],[],[],[],left,0.202,,85.063,85.067,85.068,85.361,0.58,0.42,82,18,2,150,4112,left,1,gold,purple,0,149,149,149,1,150,,,,,,
,,2026-09-30_12h21.44.675,Influenca_demo,2025.2.4,Win32,60.0240096,,,,,,,,,,,,,,,,PC/Laptop,,,,,,,,,,,,,,,,,,,,,,,,,,,,,,,,,,,,,,,,,,,,,,,,,,,,,,,,,,,,,,,,,,,,,,85.362,86.361,86.361,88.661,88.661,88.661
